window_id,category,cut3r_trained_iou,cut3r_random_iou,dinov2_iou,delta_cut3r_trained_minus_cut3r_random,delta_cut3r_trained_minus_dinov2,delta_cut3r_random_minus_dinov2
window-027b7da097350301d8a4,plant,0.9722222222222222,0.02564102564102564,0.9423076923076923,0.9465811965811965,0.02991452991452992,-0.9166666666666666
window-0766f7af4823c9860b53,umbrella,0.9790209790209791,0.8642857142857143,0.9081632653061225,0.11473526473526474,0.07085771371485661,-0.043877551020408134
window-0dd3581a5328bb8e8c1e,teddybear,0.9477124183006536,0.0,0.9375,0.9477124183006536,0.010212418300653558,-0.9375
window-0f149b2ce658ad3ba4a1,toytruck,0.780952380952381,0.20125786163522014,0.7571428571428571,0.5796945193171608,0.023809523809523836,-0.555884995507637
window-0fbaa5858874d3f4ed40,carrot,0.14054054054054055,0.24074074074074073,0.8780487804878049,-0.10020020020020018,-0.7375082399472643,-0.6373080397470642
window-19e443d48d6cd4048287,book,0.5098039215686274,0.006711409395973154,0.8974358974358975,0.5030925121726543,-0.38763197586727005,-0.8907244880399243
window-1efda0f7c01bc1a1119d,umbrella,0.9877300613496932,0.0,0.9672897196261683,0.9877300613496932,0.020440341723524935,-0.9672897196261683
window-1f6470be161f7eb7fea9,book,0.23875432525951557,0.264,0.9042553191489362,-0.025245674740484447,-0.6655009938894206,-0.6402553191489362
window-2172edd3065dfee25f7d,toyplane,0.9,0.009823182711198428,0.8461538461538461,0.8901768172888016,0.05384615384615388,-0.8363306634426477
window-25eba1dd53450bcc3d9c,sandwich,0.9057971014492754,0.0546875,0.9298245614035088,0.8511096014492754,-0.024027459954233388,-0.8751370614035088
window-276748d03295c2b17d7d,hydrant,0.907103825136612,0.0,0.9083333333333333,0.907103825136612,-0.0012295081967212962,-0.9083333333333333
window-283ca557947f01d766bd,cup,0.48148148148148145,0.7857142857142857,0.6153846153846154,-0.30423280423280424,-0.13390313390313396,0.17032967032967028
window-2843375258fa7145f154,bench,0.813953488372093,0.0784313725490196,0.7704918032786885,0.7355221158230734,0.043461685093404534,-0.6920604307296689
window-2aaa27bbf3183fe7aacf,hydrant,0.8518518518518519,0.01020408163265306,0.8738738738738738,0.8416477702191988,-0.02202202202202197,-0.8636697922412208
window-2dd1ac6ffb727be10650,kite,0.975,0.17721518987341772,0.8962264150943396,0.7977848101265823,0.07877358490566033,-0.719011225220922
window-343a793b776a2def0916,plant,0.9642857142857143,0.8771929824561403,0.8974358974358975,0.087092731829574,0.06684981684981683,-0.020242914979757165
window-35bba4bf2bd7528296bb,cake,0.9,0.04411764705882353,0.9285714285714286,0.8558823529411765,-0.02857142857142858,-0.8844537815126051
window-3a3ec2660f143528d1d4,frisbee,0.3179190751445087,0.12585812356979406,0.9605263157894737,0.19206095157471462,-0.642607240644965,-0.8346681922196796
window-3a6404a390250950bc92,book,0.9714285714285714,0.5208333333333334,0.9565217391304348,0.45059523809523805,0.014906832298136607,-0.43568840579710144
window-3bcb9592402c0b276fda,mouse,0.9,0.0,0.9016393442622951,0.9,-0.0016393442622950616,-0.9016393442622951
window-3de574b964f1addd88d2,bowl,0.7,0.0374331550802139,0.5726141078838174,0.662566844919786,0.12738589211618256,-0.5351809528036034
window-3ea361af8ff3a780a2be,book,0.9822485207100592,0.05573770491803279,0.954337899543379,0.9265108157920264,0.027910621166680194,-0.8986001946253462
window-42df1d1ec1ab8ff9065f,chair,0.7669491525423728,0.08936170212765958,0.7719869706840391,0.6775874504147132,-0.0050378181416662615,-0.6826252685563795
window-446db9f93ed33355c79e,toilet,0.06993006993006994,0.08333333333333333,0.32608695652173914,-0.013403263403263393,-0.2561568865916692,-0.24275362318840582
window-499d9c31313d046cde78,plant,0.9375,0.6272727272727273,0.8972602739726028,0.3102272727272727,0.04023972602739723,-0.26998754669987546
window-4b7a9ffcccc1ecad5e3c,chair,0.8176470588235294,0.6436781609195402,0.7816593886462883,0.17396889790398917,0.03598767017724114,-0.13798122772674803
window-4b9956d60854e17b1824,teddybear,0.9494949494949495,0.21487603305785125,0.9153846153846154,0.7346189164370982,0.03411033411033415,-0.700508582326764
window-4bbad8b3636b0213ef54,stopsign,0.782608695652174,0.2608695652173913,0.90625,0.5217391304347827,-0.12364130434782605,-0.6453804347826086
window-4d18b02fa01d9ce52343,toytruck,0.8787878787878788,0.5402298850574713,0.8765432098765432,0.3385579937304075,0.002244668911335568,-0.33631332481907195
window-5221225153ea6398305e,plant,0.9215686274509803,0.6986301369863014,0.9064039408866995,0.22293849046467895,0.015164686564280827,-0.20777380390039812
window-5ac30b28ec9b1810139d,hydrant,0.8260869565217391,0.045454545454545456,0.8529411764705882,0.7806324110671937,-0.026854219948849067,-0.8074866310160428
window-5d11c7233d96827da6a5,wineglass,0.8571428571428571,0.01694915254237288,0.7735849056603774,0.8401937046004843,0.08355795148247969,-0.7566357531180046
window-5fcb27f2d898bb4c493e,cup,0.6875,0.0,0.8787878787878788,0.6875,-0.19128787878787878,-0.8787878787878788
window-5fcc7537426a6bae39aa,toytruck,0.9340659340659341,0.7368421052631579,0.9133858267716536,0.19722382880277622,0.020680107294280492,-0.17654372150849573
window-61b096a51185c5d56d72,stopsign,0.8571428571428571,0.0,1.0,0.8571428571428571,-0.1428571428571429,-1.0
window-62014f9bfb93fd6c291f,baseballbat,0.5675675675675675,0.36,0.32222222222222224,0.20756756756756756,0.2453453453453453,0.037777777777777743
window-62f39c58cfbf18bb01fb,frisbee,0.9986979166666666,0.03125,0.9715120525931337,0.9674479166666666,0.02718586407353296,-0.9402620525931337
window-64e8d8fb05da0166398b,bench,0.9365079365079365,0.23387096774193547,0.6894409937888198,0.702636968766001,0.24706694271911667,-0.45557002604688435
window-66d0a3929ba8a92e2d42,umbrella,0.968299711815562,0.3227665706051873,0.975929978118162,0.6455331412103746,-0.007630266302599997,-0.6531634075129746
window-67ceebf6f3f4a28200d7,toyplane,0.875,0.0,0.8695652173913043,0.875,0.005434782608695676,-0.8695652173913043
window-693a9cc0fabdf476b331,apple,0.9565217391304348,0.8106508875739645,0.9318181818181818,0.14587085155647028,0.024703557312253044,-0.12116729424421724
window-69763d8db32284f09210,microwave,0.8446969696969697,0.02027027027027027,0.48725212464589235,0.8244266994266994,0.3574448450510774,-0.46698185437562206
window-6a864f081822db80b442,baseballbat,0.8947368421052632,0.1346153846153846,0.68,0.7601214574898786,0.21473684210526311,-0.5453846153846155
window-6f127747fa1d7647badb,chair,0.9547325102880658,0.052,0.8553846153846154,0.9027325102880658,0.09934789490345042,-0.8033846153846154
window-7846ed83c2106f2e1041,toytruck,0.6513761467889908,0.29770992366412213,0.625,0.3536662231248687,0.026376146788990806,-0.32729007633587787
window-7a695a2356e6b5db4de3,teddybear,0.9659090909090909,0.5485714285714286,0.9617021276595744,0.41733766233766234,0.0042069632495165266,-0.4131306990881458
window-7b8eae799dc0fb6427ab,mouse,0.9230769230769231,0.7777777777777778,0.9310344827586207,0.14529914529914534,-0.007957559681697535,-0.15325670498084287
window-7d1cdadeef4312355c6c,toyplane,0.2169811320754717,0.0,0.8235294117647058,0.2169811320754717,-0.6065482796892341,-0.8235294117647058
window-7dd7f7bb9dec0001b3d6,cake,0.4271356783919598,0.5196850393700787,0.5408163265306123,-0.09254936097811889,-0.11368064813865247,-0.021131287160533585
window-7ef81acb3fdb593aa42a,chair,0.90625,0.5287958115183246,0.782258064516129,0.37745418848167545,0.123991935483871,-0.25346225299780445
window-7f18367f34a6a43538c2,plant,0.9666666666666667,0.5572916666666666,0.885593220338983,0.40937500000000004,0.08107344632768365,-0.3283015536723164
window-7f475dadcc25ef9cae99,sandwich,0.6,0.25316455696202533,0.9313725490196079,0.34683544303797464,-0.3313725490196079,-0.6782079920575825
window-806a3cc6651335e96b97,mouse,0.15315315315315314,0.0,0.7419354838709677,0.15315315315315314,-0.5887823307178146,-0.7419354838709677
window-83ecaa6c3ea798e38de2,stopsign,0.7333333333333333,0.43902439024390244,0.8666666666666667,0.29430894308943084,-0.13333333333333341,-0.42764227642276426
window-8583be74286d721a6b2b,baseballbat,0.7727272727272727,0.5,0.68,0.2727272727272727,0.09272727272727266,-0.18000000000000005
window-88e2f9ef0059b36ec3e4,bench,0.900523560209424,0.7268518518518519,0.8801652892561983,0.17367170835757217,0.020358270953225732,-0.15331343740434644
window-8babe6d64674c1578755,bowl,0.8586387434554974,0.0,0.9814814814814815,0.8586387434554974,-0.12284273802598411,-0.9814814814814815
window-8d39b2278fd2b6ebb38e,microwave,0.17486338797814208,0.0,0.2087378640776699,0.17486338797814208,-0.03387447609952782,-0.2087378640776699
window-8ef4f72d3745f1ef982f,mouse,0.8444444444444444,0.29770992366412213,0.8545454545454545,0.5467345207803223,-0.010101010101010055,-0.5568355308813324
window-900776870cc8271013c5,microwave,1.0,0.002369668246445498,0.9324324324324325,0.9976303317535545,0.06756756756756754,-0.930062764185987
window-9210a1ae84d93e66cf51,stopsign,0.6451612903225806,0.0,0.7396449704142012,0.6451612903225806,-0.09448368009162056,-0.7396449704142012
window-93601fcc35fb4b1b3228,bowl,0.9541984732824428,0.0,0.9590643274853801,0.9541984732824428,-0.004865854202937281,-0.9590643274853801
window-962f49c1fa35c26441bd,baseballbat,0.9090909090909091,0.16176470588235295,0.71875,0.7473262032085561,0.19034090909090906,-0.5569852941176471
window-9f4291d64de5db233f0b,carrot,0.9615384615384616,0.4230769230769231,0.9166666666666666,0.5384615384615385,0.044871794871794934,-0.49358974358974356
window-a2703139524794b105b1,kite,0.6978723404255319,0.7247191011235955,0.7978339350180506,-0.026846760698063576,-0.09996159459251863,-0.07311483389445506
window-a33b0ed12a0bdf4e4649,ball,0.9782608695652174,0.4606741573033708,0.9508196721311475,0.5175867122618466,0.02744119743406992,-0.4901455148277767
window-a5c5b97d727fcf4102bd,apple,0.5,0.2441860465116279,0.90625,0.2558139534883721,-0.40625,-0.6620639534883721
window-a66732064331ef113b39,mouse,0.9384615384615385,0.4609375,0.9523809523809523,0.47752403846153846,-0.01391941391941387,-0.49144345238095233
window-a9b2ed75fc7a7a62f41d,baseballbat,0.7142857142857143,0.1592920353982301,0.8571428571428571,0.5549936788874842,-0.1428571428571428,-0.697850821744627
window-abc786b1b9eda4a22cd2,cup,1.0,0.1360544217687075,0.9852941176470589,0.8639455782312925,0.014705882352941124,-0.8492396958783514
window-b24323179d8cb957a840,toyplane,0.9672131147540983,0.3597122302158273,0.8295454545454546,0.607500884538271,0.13766766020864374,-0.46983322432962726
window-b52275bf2b737315ba50,handbag,0.972972972972973,0.823728813559322,0.9536231884057971,0.149244159413651,0.019349784567175954,-0.12989437484647504
window-b63af212afc19fb3c31b,bench,0.9619047619047619,0.0,0.9071428571428571,0.9619047619047619,0.05476190476190479,-0.9071428571428571
window-b8d84cbe31f374bc6054,parkingmeter,0.34782608695652173,0.0,0.375,0.34782608695652173,-0.02717391304347827,-0.375
window-b94a42285432640d8a45,parkingmeter,0.14655172413793102,0.08024691358024691,0.47191011235955055,0.06630481055768411,-0.32535838822161955,-0.39166319877930367
window-ba7e17e1cb32e317610c,parkingmeter,0.38235294117647056,0.3333333333333333,0.6923076923076923,0.04901960784313725,-0.30995475113122173,-0.358974358974359
window-c269620f6afdbd806881,apple,1.0,0.8157894736842105,0.926829268292683,0.1842105263157895,0.07317073170731703,-0.11103979460847246
window-c7640d03c742cc8aac45,sandwich,0.9452054794520548,0.7638888888888888,0.9175257731958762,0.18131659056316596,0.02767970625617855,-0.1536368843069874
window-c99a5bfe15cb45814351,frisbee,0.30701754385964913,0.8974358974358975,0.2634730538922156,-0.5904183535762484,0.04354448996743354,0.6339628435436819
window-d2a057f4645bdace4bd5,bowl,0.31992687385740404,0.03296703296703297,0.2080745341614907,0.2869598408903711,0.11185233969591335,-0.17510750119445773
window-d2cafac2e5f420069b71,hydrant,0.9552238805970149,0.5934065934065934,0.9438202247191011,0.3618172871904215,0.01140365587791381,-0.3504136313125077
window-d43860506de104c619e8,apple,0.8125,0.11607142857142858,0.140625,0.6964285714285714,0.671875,-0.024553571428571425
window-d5674e3ea685f8d37efe,cup,0.1111111111111111,0.0,0.4074074074074074,0.1111111111111111,-0.2962962962962963,-0.4074074074074074
window-d6bb9ab8745a445f1496,apple,0.96,0.0,0.8571428571428571,0.96,0.10285714285714287,-0.8571428571428571
window-d705e80e0d7095ea7d76,wineglass,0.9137931034482759,0.07201086956521739,0.8717948717948718,0.8417822338830585,0.041998231653404106,-0.7997840022296544
window-d8c4ae9f70782693fd3e,sandwich,0.9550561797752809,0.11827956989247312,0.926829268292683,0.8367766098828078,0.028226911482597927,-0.8085496984002098
window-d91c954a6142ed80a2f9,cup,0.9444444444444444,0.2777777777777778,0.7931034482758621,0.6666666666666666,0.15134099616858232,-0.5153256704980843
window-da8609d72741b3f4c14c,umbrella,0.9880952380952381,0.07142857142857142,0.948051948051948,0.9166666666666667,0.0400432900432901,-0.8766233766233766
window-dfc207e05907c2836e87,carrot,0.9636363636363636,0.9629629629629629,0.9066666666666666,0.0006734006734007147,0.056969696969697003,0.05629629629629629
window-e1bbeb5d18be97abfc02,toilet,0.8920863309352518,0.0,0.88268156424581,0.8920863309352518,0.00940476668944179,-0.88268156424581
window-e379ca27cd1249d72938,frisbee,0.925,0.4803921568627451,0.9471544715447154,0.44460784313725493,-0.022154471544715393,-0.4667623146819703
window-e3aed5737b2dc678d3ba,teddybear,0.9636363636363636,0.30857142857142855,0.9,0.6550649350649351,0.0636363636363636,-0.5914285714285714
window-e4283dcceb0afcf17e56,microwave,0.7764227642276422,0.0,0.8801498127340824,0.7764227642276422,-0.10372704850644021,-0.8801498127340824
window-e61f08b09cbe68d1d17b,toyplane,0.7647058823529411,0.28888888888888886,0.6666666666666666,0.47581699346405226,0.0980392156862745,-0.37777777777777777
window-e6d533fa0b9d42ea6f6b,chair,0.6396396396396397,0.1021021021021021,0.5827664399092971,0.5375375375375375,0.05687319973034255,-0.480664337807195
window-ed48b40ed24696670c0d,cake,0.6414141414141414,0.5343511450381679,0.9209039548022598,0.1070629963759735,-0.2794898133881184,-0.3865528097640919
window-efda7e54459646e3b7a3,ball,0.5555555555555556,0.8333333333333334,0.7857142857142857,-0.2777777777777778,-0.23015873015873012,0.04761904761904767
window-f4670df8c6873392256c,wineglass,0.9647058823529412,0.0,0.9238095238095239,0.9647058823529412,0.04089635854341733,-0.9238095238095239
window-f7412b5a029515c6e905,handbag,0.7688679245283019,0.06698564593301436,0.5833333333333334,0.7018822785952875,0.1855345911949685,-0.516347687400319
window-f78b9a0ca8a8b2f9cc54,book,0.8924050632911392,0.19270833333333334,0.8790697674418605,0.6996967299578059,0.013335295849278728,-0.6863614341085271
window-f80019c99e014a49c2b6,umbrella,0.9520958083832335,0.35,0.9457013574660633,0.6020958083832335,0.006394450917170169,-0.5957013574660633
