label,backbone,probe,category,sequences,estimate,ci95_lower,ci95_upper,bootstrap_standard_error
cut3r_trained/linear,cut3r_trained,linear,apple,11,0.9088631164609214,0.8738066442167014,0.9375253626955262,0.016560057434427556
cut3r_trained/linear,cut3r_trained,linear,ball,10,0.7614540703493875,0.6647019266536116,0.8556664504239366,0.04875972843759188
cut3r_trained/linear,cut3r_trained,linear,baseballbat,11,0.3487999654052334,0.21076949696915423,0.4907819307615625,0.07143475874715208
cut3r_trained/linear,cut3r_trained,linear,bench,11,0.5079044651230774,0.37474367844816847,0.6268554664518043,0.06492403993475275
cut3r_trained/linear,cut3r_trained,linear,book,11,0.7363252928007941,0.6119024887088689,0.8471983667728842,0.06049025988592606
cut3r_trained/linear,cut3r_trained,linear,bowl,11,0.8298761902217892,0.675338555795653,0.9254667513270561,0.07025236025776156
cut3r_trained/linear,cut3r_trained,linear,cake,11,0.6667322599537585,0.5074945614299337,0.8194380848400253,0.07966201763428163
cut3r_trained/linear,cut3r_trained,linear,carrot,11,0.574177503942854,0.39767499570175324,0.745221618677522,0.08818841651108042
cut3r_trained/linear,cut3r_trained,linear,chair,11,0.7470337937654347,0.7065395177485141,0.7867207490229076,0.020580301311755273
cut3r_trained/linear,cut3r_trained,linear,cup,11,0.8656898045125153,0.8021820446500411,0.9174502032844578,0.02980385874728293
cut3r_trained/linear,cut3r_trained,linear,frisbee,11,0.770662732811984,0.6416637038267703,0.8827203156639087,0.06158629614166185
cut3r_trained/linear,cut3r_trained,linear,handbag,10,0.7886748373064447,0.7254124901323865,0.8510909820447804,0.03193945332730177
cut3r_trained/linear,cut3r_trained,linear,hydrant,11,0.8495193853911249,0.7577162597110834,0.9081902465750731,0.04083355244042237
cut3r_trained/linear,cut3r_trained,linear,kite,10,0.6926229804793538,0.6084615826728729,0.7675068411697702,0.04119101139510447
cut3r_trained/linear,cut3r_trained,linear,microwave,11,0.8267888990667225,0.7817336745561536,0.8741555280280859,0.023691575198077092
cut3r_trained/linear,cut3r_trained,linear,mouse,11,0.6784984085010279,0.5494903160808264,0.7947186581795891,0.06334001311598238
cut3r_trained/linear,cut3r_trained,linear,parkingmeter,6,0.5745420834195979,0.40594028417848915,0.7558950214182435,0.09157037921794726
cut3r_trained/linear,cut3r_trained,linear,plant,11,0.7489829069499282,0.6239900598499307,0.8453794243312167,0.057331900971923574
cut3r_trained/linear,cut3r_trained,linear,sandwich,11,0.6901554548697182,0.5436180694468797,0.8231861225922485,0.07190297403631353
cut3r_trained/linear,cut3r_trained,linear,stopsign,11,0.6382757896531136,0.4929973544353449,0.7623531269680773,0.06946905078597478
cut3r_trained/linear,cut3r_trained,linear,teddybear,11,0.8706145922914029,0.8285605658530216,0.9103370739889788,0.02093449179936143
cut3r_trained/linear,cut3r_trained,linear,toilet,10,0.7586545084487069,0.6065893871043161,0.8792377091484344,0.07012767766518467
cut3r_trained/linear,cut3r_trained,linear,toyplane,11,0.5966237469423163,0.4700059143186046,0.7144205431705919,0.06300482111611042
cut3r_trained/linear,cut3r_trained,linear,toytruck,11,0.8971811536818219,0.8704251849194067,0.9179031701778416,0.012259027870855347
cut3r_trained/linear,cut3r_trained,linear,umbrella,11,0.8873658643074397,0.8482925418549616,0.9205849875206655,0.018637798126562872
cut3r_trained/linear,cut3r_trained,linear,wineglass,11,0.7463263957087874,0.625877000878132,0.8410525509942423,0.05502299802120719
cut3r_trained/mlp,cut3r_trained,mlp,apple,11,0.9387239810278206,0.9033719847935598,0.9660636874242524,0.016204444385465408
cut3r_trained/mlp,cut3r_trained,mlp,ball,10,0.825801763027088,0.694497408650548,0.9335904683672319,0.06140399877823627
cut3r_trained/mlp,cut3r_trained,mlp,baseballbat,11,0.4246102577732664,0.2558901107384921,0.5927710930534271,0.08675732987585975
cut3r_trained/mlp,cut3r_trained,mlp,bench,11,0.536553361423075,0.4291421245894493,0.6377215583520497,0.05392221253482056
cut3r_trained/mlp,cut3r_trained,mlp,book,11,0.7920883616646835,0.6778381848254179,0.8884622978685318,0.05419864904935285
cut3r_trained/mlp,cut3r_trained,mlp,bowl,11,0.9046864988766139,0.8002163155039399,0.9822751509213201,0.048303951310864325
cut3r_trained/mlp,cut3r_trained,mlp,cake,11,0.7391327393863233,0.6159602977274865,0.854702770140664,0.06115338032047346
cut3r_trained/mlp,cut3r_trained,mlp,carrot,11,0.7300572468996986,0.5525337033404358,0.875178860360566,0.0838022721361001
cut3r_trained/mlp,cut3r_trained,mlp,chair,11,0.7888734228811786,0.7503442337062645,0.8264490900994562,0.019426175231243986
cut3r_trained/mlp,cut3r_trained,mlp,cup,11,0.8921416968451723,0.833360684069138,0.9396043798731266,0.027331543917939755
cut3r_trained/mlp,cut3r_trained,mlp,frisbee,11,0.8938728826926003,0.8120105320396264,0.9541424726575581,0.03716966312687022
cut3r_trained/mlp,cut3r_trained,mlp,handbag,10,0.8041603412206595,0.7394705643484939,0.8616502306448607,0.031184032709454447
cut3r_trained/mlp,cut3r_trained,mlp,hydrant,11,0.8833671552641656,0.7800572297266025,0.950053199201987,0.046230449164096854
cut3r_trained/mlp,cut3r_trained,mlp,kite,10,0.6942252809557137,0.5750411687131102,0.7999644608176157,0.058144293548202115
cut3r_trained/mlp,cut3r_trained,mlp,microwave,11,0.8564749201500285,0.8129080560732527,0.9008463934227372,0.022573020668277145
cut3r_trained/mlp,cut3r_trained,mlp,mouse,11,0.8239440432795401,0.7578447570489149,0.8857182422957075,0.03272925291288145
cut3r_trained/mlp,cut3r_trained,mlp,parkingmeter,6,0.6947730823005834,0.5887373985333875,0.8217511204633546,0.06055659396258206
cut3r_trained/mlp,cut3r_trained,mlp,plant,11,0.7784661723262364,0.6410694182817577,0.8806748894563105,0.06215055231229016
cut3r_trained/mlp,cut3r_trained,mlp,sandwich,11,0.7695226743514278,0.6349832829895774,0.8860886522642837,0.06478470609635317
cut3r_trained/mlp,cut3r_trained,mlp,stopsign,11,0.693898694704044,0.5427634123750927,0.824079705414006,0.07208397235164496
cut3r_trained/mlp,cut3r_trained,mlp,teddybear,11,0.9061362585606134,0.8663484388247515,0.9413865707364013,0.01923054045109635
cut3r_trained/mlp,cut3r_trained,mlp,toilet,10,0.8173828272339329,0.6954384866016744,0.919589851766864,0.05792888268868454
cut3r_trained/mlp,cut3r_trained,mlp,toyplane,11,0.6232759750434839,0.4694526008112867,0.7641306597741436,0.07545927831363819
cut3r_trained/mlp,cut3r_trained,mlp,toytruck,11,0.9140543218560713,0.8821589995359564,0.9395252073159351,0.014743561657595428
cut3r_trained/mlp,cut3r_trained,mlp,umbrella,11,0.9006749813880389,0.8563100980805922,0.9409518463665333,0.021685068547898166
cut3r_trained/mlp,cut3r_trained,mlp,wineglass,11,0.7637086919089495,0.61547129596577,0.8704758489397149,0.06696827179000035
cut3r_random/linear,cut3r_random,linear,apple,11,0.3252718868025882,0.16301809447065704,0.5041382252556736,0.08726433925071381
cut3r_random/linear,cut3r_random,linear,ball,10,0.12281266120823746,0.04676669408271219,0.21130524468486542,0.04240549393537592
cut3r_random/linear,cut3r_random,linear,baseballbat,11,0.20310830897424453,0.07919414604850517,0.37630053429211807,0.07817003796727316
cut3r_random/linear,cut3r_random,linear,bench,11,0.12027005885120463,0.06758658987326312,0.18478924305635747,0.030097667309181654
cut3r_random/linear,cut3r_random,linear,book,11,0.18005335941105113,0.08964085158327256,0.2772846982457451,0.04810269430454214
cut3r_random/linear,cut3r_random,linear,bowl,11,0.3021652642567084,0.16520075934329684,0.44628287330803945,0.07226817615565823
cut3r_random/linear,cut3r_random,linear,cake,11,0.16400742593984738,0.0445318825137301,0.3143453241244811,0.06963543290240146
cut3r_random/linear,cut3r_random,linear,carrot,11,0.29077040540814375,0.1363763415258241,0.4601110797615595,0.08285246955811619
cut3r_random/linear,cut3r_random,linear,chair,11,0.14609949559589386,0.08299469635198692,0.20856366473048998,0.032165690285589424
cut3r_random/linear,cut3r_random,linear,cup,11,0.06827759182918325,0.02646701638321928,0.12019051662082089,0.0242546821975862
cut3r_random/linear,cut3r_random,linear,frisbee,11,0.33416766614607635,0.12823242015341216,0.5551768665787936,0.11022212697688688
cut3r_random/linear,cut3r_random,linear,handbag,10,0.24740463426867937,0.08665107137361712,0.4516100324771767,0.09479753440550653
cut3r_random/linear,cut3r_random,linear,hydrant,11,0.1535488547711047,0.07298525306708455,0.2405014709913679,0.04263357494970743
cut3r_random/linear,cut3r_random,linear,kite,10,0.10391596370589937,0.02780895269446134,0.19889603713781642,0.04408675391174792
cut3r_random/linear,cut3r_random,linear,microwave,11,0.14241272714794917,0.05431451877513259,0.253462100157548,0.051771215724528474
cut3r_random/linear,cut3r_random,linear,mouse,11,0.17313534784773624,0.07135209613837101,0.28744529214615533,0.055588735695757466
cut3r_random/linear,cut3r_random,linear,parkingmeter,6,0.11503891314306673,0.036569852089175764,0.19274553287102883,0.039697042354503394
cut3r_random/linear,cut3r_random,linear,plant,11,0.17538500027121612,0.06438453635453942,0.3161207293439315,0.06504627052941121
cut3r_random/linear,cut3r_random,linear,sandwich,11,0.16773299068512185,0.07477296114193706,0.2862712943720333,0.055139649519877015
cut3r_random/linear,cut3r_random,linear,stopsign,11,0.27417645786409167,0.19785597096509433,0.3604277727948402,0.04162799409973456
cut3r_random/linear,cut3r_random,linear,teddybear,11,0.2588216547689146,0.15120112598480154,0.39010214202085836,0.06130856662457449
cut3r_random/linear,cut3r_random,linear,toilet,10,0.14429122680889567,0.06212928488002214,0.23672348696247908,0.04467728722636168
cut3r_random/linear,cut3r_random,linear,toyplane,11,0.10769749274908741,0.03884162574628372,0.1935449456852265,0.03987042547653471
cut3r_random/linear,cut3r_random,linear,toytruck,11,0.2935770578119923,0.15954276566792258,0.43336634390087075,0.0706411565966911
cut3r_random/linear,cut3r_random,linear,umbrella,11,0.22240760799079398,0.08274354941861767,0.38187423759417705,0.07731590026069067
cut3r_random/linear,cut3r_random,linear,wineglass,11,0.04840946650344932,0.002816627816627816,0.11810248304414421,0.02986256671587742
cut3r_random/mlp,cut3r_random,mlp,apple,11,0.4486175210394326,0.26360239327359886,0.6323827220090092,0.09469803345016935
cut3r_random/mlp,cut3r_random,mlp,ball,10,0.2872561752042557,0.12903092764811858,0.45970494159040104,0.08470477404131016
cut3r_random/mlp,cut3r_random,mlp,baseballbat,11,0.23750263315297335,0.12139983047863424,0.3741064171683874,0.0646433592899443
cut3r_random/mlp,cut3r_random,mlp,bench,11,0.06352109679878869,0.029969628881884074,0.10366471807482787,0.019012573909833897
cut3r_random/mlp,cut3r_random,mlp,book,11,0.14145919576570498,0.06955191136497098,0.2259656359420366,0.0401869934635561
cut3r_random/mlp,cut3r_random,mlp,bowl,11,0.7187139472394768,0.49506119425140094,0.897755832213379,0.10274447532853055
cut3r_random/mlp,cut3r_random,mlp,cake,11,0.15461455419462175,0.054829551412076946,0.27624167775328473,0.0567035136889198
cut3r_random/mlp,cut3r_random,mlp,carrot,11,0.46086465819923605,0.286637482514814,0.6420386615378373,0.09079228490044103
cut3r_random/mlp,cut3r_random,mlp,chair,11,0.169300220696663,0.10079362371203374,0.24392815292688602,0.03685078251267063
cut3r_random/mlp,cut3r_random,mlp,cup,11,0.17337919210245864,0.08263863029364227,0.2746664244062395,0.049343055593173354
cut3r_random/mlp,cut3r_random,mlp,frisbee,11,0.662510087778587,0.49468619759140064,0.8091736989455469,0.08108693143219982
cut3r_random/mlp,cut3r_random,mlp,handbag,10,0.3618980209371575,0.19012429450956178,0.5592174240663307,0.09454414885113654
cut3r_random/mlp,cut3r_random,mlp,hydrant,11,0.16860358942034492,0.07264792837365139,0.27497750705916163,0.052000900358071776
cut3r_random/mlp,cut3r_random,mlp,kite,10,0.30161823387519854,0.1543521629041562,0.4687347131967505,0.0801873671788022
cut3r_random/mlp,cut3r_random,mlp,microwave,11,0.11930734874571826,0.0364493153579375,0.22749182562146458,0.049254312289575754
cut3r_random/mlp,cut3r_random,mlp,mouse,11,0.22469479016217783,0.06588950381819653,0.4130600903257376,0.08965248559667315
cut3r_random/mlp,cut3r_random,mlp,parkingmeter,6,0.0896994781164178,0.0318658063618227,0.1646794801338079,0.03555312488278048
cut3r_random/mlp,cut3r_random,mlp,plant,11,0.26196571226192283,0.13527246806567225,0.4060870807381636,0.07025680786122208
cut3r_random/mlp,cut3r_random,mlp,sandwich,11,0.2469245994506778,0.1557236308736902,0.3405110561802827,0.047136446222028845
cut3r_random/mlp,cut3r_random,mlp,stopsign,11,0.47963503249720885,0.32804603992947573,0.6312883854961903,0.0771098405260363
cut3r_random/mlp,cut3r_random,mlp,teddybear,11,0.3058051229020846,0.1621238164454894,0.4709905353364455,0.07964450103940983
cut3r_random/mlp,cut3r_random,mlp,toilet,10,0.3237659224297754,0.18660247917406916,0.4537184937073306,0.06858484054522809
cut3r_random/mlp,cut3r_random,mlp,toyplane,11,0.20775510802005348,0.09541795970200226,0.3526118866995818,0.06722752169329317
cut3r_random/mlp,cut3r_random,mlp,toytruck,11,0.5539367993258059,0.4114779849268738,0.6872946852230861,0.07053974045628147
cut3r_random/mlp,cut3r_random,mlp,umbrella,11,0.3537261420122521,0.171875863930637,0.5439823663506175,0.09548936570292929
cut3r_random/mlp,cut3r_random,mlp,wineglass,11,0.05208324981916315,0.011143814682882135,0.10543416954595311,0.024619770878487934
dinov2/linear,dinov2,linear,apple,11,0.8087893794936221,0.6549184913949369,0.9217311262197785,0.06995722750976968
dinov2/linear,dinov2,linear,ball,10,0.7921866467655958,0.6964546268697727,0.8801455801313717,0.04705807125506581
dinov2/linear,dinov2,linear,baseballbat,11,0.5155145016518907,0.3734070010882766,0.6477808211051475,0.06914774042371212
dinov2/linear,dinov2,linear,bench,11,0.4600005138995298,0.32114536803995225,0.5925580247744796,0.06951693998452876
dinov2/linear,dinov2,linear,book,11,0.7219706789527786,0.6331920729857716,0.8051836367481439,0.04399954443144431
dinov2/linear,dinov2,linear,bowl,11,0.8389173346293753,0.6806588279982397,0.9372099748206151,0.07171871889854477
dinov2/linear,dinov2,linear,cake,11,0.762586045896106,0.6637768698233866,0.8572597627587565,0.04953510872248721
dinov2/linear,dinov2,linear,carrot,11,0.6073882197618693,0.46245836893794,0.7516133854975254,0.07348139242322221
dinov2/linear,dinov2,linear,chair,11,0.7354466728910395,0.6886207334136277,0.7685139145019387,0.020993789618019617
dinov2/linear,dinov2,linear,cup,11,0.814879780097142,0.7591373512898975,0.8700845773180014,0.028443229534797318
dinov2/linear,dinov2,linear,frisbee,11,0.8549143736649764,0.7832365792575331,0.9174070499980113,0.03424266269214785
dinov2/linear,dinov2,linear,handbag,10,0.7772780176554706,0.6991496900983174,0.8457375326037612,0.03777375255176546
dinov2/linear,dinov2,linear,hydrant,11,0.7824906611810676,0.6947403977724772,0.8493327671714073,0.03994106664688495
dinov2/linear,dinov2,linear,kite,10,0.7315721770324735,0.6397318672999819,0.8138830864504122,0.044314346585774926
dinov2/linear,dinov2,linear,microwave,11,0.8031337558153342,0.7592049191827774,0.8482718222204995,0.0227144110246484
dinov2/linear,dinov2,linear,mouse,11,0.7401725503799742,0.6585782622626942,0.8093536955066525,0.03852131737016432
dinov2/linear,dinov2,linear,parkingmeter,6,0.6360699405481991,0.5107388729154431,0.7711769737343444,0.06732105679525298
dinov2/linear,dinov2,linear,plant,11,0.6624354979368174,0.5516167256269343,0.7498524546567367,0.05118694651504334
dinov2/linear,dinov2,linear,sandwich,11,0.8164635432188575,0.7189270384501377,0.8884700596240528,0.04430760328117523
dinov2/linear,dinov2,linear,stopsign,11,0.6546103528348199,0.49955204134504877,0.7968272253726361,0.07566507672897957
dinov2/linear,dinov2,linear,teddybear,11,0.8538545481745462,0.7918712391232337,0.9056636265327049,0.029209486729877117
dinov2/linear,dinov2,linear,toilet,10,0.7695131800670699,0.6705746989496802,0.8559567809270703,0.04769031729511056
dinov2/linear,dinov2,linear,toyplane,11,0.5956965514552611,0.49213738297306486,0.6956399426612866,0.051911686550438645
dinov2/linear,dinov2,linear,toytruck,11,0.8128244359212033,0.7823691663862754,0.8426705679985529,0.015396154021176832
dinov2/linear,dinov2,linear,umbrella,11,0.8681092133171255,0.8273938414969312,0.9036522527992298,0.019581184600124327
dinov2/linear,dinov2,linear,wineglass,11,0.751512289823571,0.6859947645958321,0.8137244362780355,0.03279344063118666
dinov2/mlp,dinov2,mlp,apple,11,0.9225674857767167,0.9071924117187581,0.9387979770466878,0.008058567490938315
dinov2/mlp,dinov2,mlp,ball,10,0.8606242753915048,0.7758205969404544,0.9295446447170329,0.039431922227011314
dinov2/mlp,dinov2,mlp,baseballbat,11,0.6029123008922382,0.4431782405422332,0.7498107250006535,0.07859101659070526
dinov2/mlp,dinov2,mlp,bench,11,0.45992606829033716,0.30261523813630864,0.6089947658113564,0.07815317319078785
dinov2/mlp,dinov2,mlp,book,11,0.7372318893448664,0.621076675641106,0.8363520427355784,0.0558719757003353
dinov2/mlp,dinov2,mlp,bowl,11,0.9007674373750304,0.8302515642091407,0.9557982086966771,0.03257375547666702
dinov2/mlp,dinov2,mlp,cake,11,0.8098776598658357,0.7244339182993643,0.8846955904274254,0.04112179603869129
dinov2/mlp,dinov2,mlp,carrot,11,0.7363557816960214,0.6215448053645066,0.8331077699782784,0.054757991590535765
dinov2/mlp,dinov2,mlp,chair,11,0.7613918451440864,0.710130337120557,0.7944294452272473,0.02281707858393356
dinov2/mlp,dinov2,mlp,cup,11,0.8809645472878198,0.8276428404295415,0.9225072493077808,0.024465550396478013
dinov2/mlp,dinov2,mlp,frisbee,11,0.9042677729832594,0.8587122185287718,0.9429631882180275,0.021682740525081685
dinov2/mlp,dinov2,mlp,handbag,10,0.8056012056708053,0.7304442915373831,0.8709212660095104,0.0359145473802365
dinov2/mlp,dinov2,mlp,hydrant,11,0.8045941621525512,0.6637138103499834,0.8938280536226633,0.06385339424269695
dinov2/mlp,dinov2,mlp,kite,10,0.7268989287231139,0.6305040575441031,0.811952964337248,0.04653606134998712
dinov2/mlp,dinov2,mlp,microwave,11,0.8346847384394604,0.7915012260169693,0.8763783471722042,0.021688993776900947
dinov2/mlp,dinov2,mlp,mouse,11,0.8303726096288557,0.7688538134663481,0.8785196994904085,0.028510941568025885
dinov2/mlp,dinov2,mlp,parkingmeter,6,0.6310663794560438,0.49650840235989097,0.7712310059719104,0.07265179215134877
dinov2/mlp,dinov2,mlp,plant,11,0.747118212550763,0.6513935189136331,0.8195675101294901,0.04360824810787108
dinov2/mlp,dinov2,mlp,sandwich,11,0.859180013240324,0.7638791622956302,0.9246625348291261,0.042991071860144045
dinov2/mlp,dinov2,mlp,stopsign,11,0.7647103229440244,0.618340582006415,0.8904280868351143,0.06967455794818599
dinov2/mlp,dinov2,mlp,teddybear,11,0.8825252261700157,0.8352720812186571,0.9228367011828812,0.022521654337040595
dinov2/mlp,dinov2,mlp,toilet,10,0.8178989583831017,0.7272019297404192,0.8980187578561417,0.04364853493288622
dinov2/mlp,dinov2,mlp,toyplane,11,0.583525327747412,0.4560072308596158,0.7054663613610951,0.06397186989359785
dinov2/mlp,dinov2,mlp,toytruck,11,0.86734484265274,0.8395596172305823,0.8915853409742995,0.01334805110845798
dinov2/mlp,dinov2,mlp,umbrella,11,0.8833015807884553,0.8238807394147989,0.9327722639824565,0.02818545965932526
dinov2/mlp,dinov2,mlp,wineglass,11,0.7725846296726349,0.6410366628699136,0.8690081259035869,0.059391259626362665
