label,backbone,probe,metric,estimate,ci95_lower,ci95_upper,bootstrap_standard_error,clusters,samples,seed
cut3r_trained/linear,cut3r_trained,linear,precision,0.8083346525249328,0.7724177826598034,0.8398274418421157,0.017306511982297986,277,20000,2691323610365915081
cut3r_trained/linear,cut3r_trained,linear,recall,0.8810968595421603,0.8474010369910856,0.9081729924478659,0.015636316861105656,277,20000,2691323610365915081
cut3r_trained/mlp,cut3r_trained,mlp,precision,0.8449014337518181,0.8140560601467761,0.8734425885184685,0.015182348989360874,277,20000,13163318285008252752
cut3r_trained/mlp,cut3r_trained,mlp,recall,0.9062607845392845,0.8846950103478992,0.9258610000232952,0.010503103267731885,277,20000,13163318285008252752
cut3r_random/linear,cut3r_random,linear,precision,0.38273635477582846,0.33675728223459095,0.43034757602710955,0.023794487340549883,277,20000,2320530927818769725
cut3r_random/linear,cut3r_random,linear,recall,0.27103704129759576,0.22922952423315857,0.3153866945168207,0.022056972313896413,277,20000,2320530927818769725
cut3r_random/mlp,cut3r_random,mlp,precision,0.6329950779219066,0.5783664441616063,0.684138853953426,0.027012315174092524,277,20000,3429964251142269079
cut3r_random/mlp,cut3r_random,mlp,recall,0.3448823766248706,0.29906272423601676,0.3918853312474931,0.023852001844670612,277,20000,3429964251142269079
dinov2/linear,dinov2,linear,precision,0.840551756385528,0.8127059625660557,0.8657450563306589,0.01349507311536297,277,20000,3543789196472228243
dinov2/linear,dinov2,linear,recall,0.8736455514441929,0.8406799865232629,0.8996393814630933,0.01517694518945836,277,20000,3543789196472228243
dinov2/mlp,dinov2,mlp,precision,0.8727460325259175,0.8460976563693915,0.8967158153934838,0.012944893229940352,277,20000,13589389558572459105
dinov2/mlp,dinov2,mlp,recall,0.8829016402496273,0.8473173969597426,0.9118733292688218,0.01645008849257667,277,20000,13589389558572459105
