target,reference,estimate,paired_ci95_lower,paired_ci95_upper,paired_bootstrap_standard_error,unpaired_ci95_lower,unpaired_ci95_upper,unpaired_bootstrap_standard_error,windows_compared,target_wins,reference_wins,ties,clusters,samples,seed
cut3r_trained/mlp,cut3r_trained/linear,0.0540417217587541,0.040880311297073035,0.0677342979867845,0.0068873873425085875,0.018335157614968903,0.08976308808758399,0.01833915109356386,1077,764,274,39,277,20000,333299061747013718
cut3r_random/mlp,cut3r_random/linear,0.10468148496005542,0.07665038854220517,0.13324327786089404,0.014553306516903801,0.06255741193071059,0.1475867424001289,0.02186877670089417,1077,618,331,128,277,20000,16485180513823206547
dinov2/mlp,dinov2/linear,0.04802939057775524,0.03655247619685063,0.05973173186514947,0.005901285587895703,0.016373943708066267,0.07991264096855086,0.016243777493143187,1077,807,243,27,277,20000,17756107016183590143
cut3r_trained/linear,cut3r_random/linear,0.5421326921865344,0.5077416607548189,0.5757639752776836,0.017401157635184728,0.505237270909607,0.5781783518068719,0.018673335184505167,1077,1014,60,3,277,20000,1456131685195177538
cut3r_trained/mlp,cut3r_random/mlp,0.49149292898523306,0.4559171471505629,0.5268041900767707,0.018090551032061163,0.44927264712651904,0.5330246960161701,0.021318465821781495,1077,1009,55,13,277,20000,5186744551630502251
dinov2/linear,cut3r_trained/linear,0.006819669159297215,-0.008100519411871215,0.021698576274682076,0.007585927176859855,-0.02828077084041859,0.041957919190434886,0.01779900682215407,1077,481,585,11,277,20000,12874080272064008526
dinov2/mlp,cut3r_trained/mlp,0.0008073379782983503,-0.01455211820913416,0.01641520204560411,0.007908009695268454,-0.03262378341267051,0.03489471782414035,0.01708992428693343,1077,424,640,13,277,20000,17755529734520604357
dinov2/linear,cut3r_random/linear,0.5489523613458316,0.5170368118407942,0.5802603728557862,0.01609224466307731,0.5146983806956623,0.5820667305851585,0.01741550328444878,1077,1028,46,3,277,20000,9862860375375026679
dinov2/mlp,cut3r_random/mlp,0.4923002669635314,0.4585727706425244,0.5256332371392501,0.017099829313098967,0.45142148602977156,0.5324396454783348,0.02075311901669456,1077,1006,62,9,277,20000,428953766251280726
