target,reference,metric,estimate,paired_ci95_lower,paired_ci95_upper,paired_bootstrap_standard_error,unpaired_ci95_lower,unpaired_ci95_upper,unpaired_bootstrap_standard_error,clusters,samples,seed
cut3r_trained/mlp,cut3r_trained/linear,precision,0.03656678122688539,0.01945362124085962,0.05498388003621004,0.00900473271337753,-0.008081123615967752,0.08190280159153661,0.023067000369389478,277,20000,5134164033538849844
cut3r_trained/mlp,cut3r_trained/linear,recall,0.025163924997124165,0.007383230897531049,0.050825804710975156,0.011496747700917848,-0.009312626357457833,0.06420199054693314,0.018669365593207123,277,20000,5134164033538849844
cut3r_random/mlp,cut3r_random/linear,precision,0.2502587231460781,0.19755490431188508,0.3014343525851336,0.026416013780251466,0.17881729378225297,0.3188049804910897,0.03558617316953987,277,20000,13619835123246854565
cut3r_random/mlp,cut3r_random/linear,recall,0.07384533532727483,0.03714477812652208,0.11249044884159469,0.01913055261559009,0.009024110187791588,0.13810859300650644,0.03260753510835268,277,20000,13619835123246854565
dinov2/mlp,dinov2/linear,precision,0.0321942761403895,0.013624764890657809,0.050338798068114005,0.009382157607380042,-0.004612390617987577,0.06920587837142196,0.018791935592799756,277,20000,12634510861883939633
dinov2/mlp,dinov2/linear,recall,0.009256088805434382,-0.0008815293007960411,0.019128357460179574,0.005109465147741805,-0.03546366508367061,0.053411264584502086,0.02278493329107745,277,20000,12634510861883939633
cut3r_trained/linear,cut3r_random/linear,precision,0.4255982977491043,0.37537901959228576,0.47322440141724587,0.025071947692546306,0.3656892152074816,0.4829281258347628,0.029517647242331642,277,20000,10368860572775525909
cut3r_trained/linear,cut3r_random/linear,recall,0.6100598182445646,0.5623794263545041,0.655473494945839,0.023851126410235055,0.5539686503677482,0.661261933942808,0.027272761564196498,277,20000,10368860572775525909
cut3r_trained/mlp,cut3r_random/mlp,precision,0.21190635582991157,0.16192248257821898,0.2621721774322734,0.025690500747383146,0.15179267475076597,0.27207110676324137,0.0307084892721003,277,20000,15678562185805618754
cut3r_trained/mlp,cut3r_random/mlp,recall,0.561378407914414,0.5141482831717836,0.6076230181279275,0.02391756728286839,0.508200233213906,0.6112632896706897,0.026343171164208295,277,20000,15678562185805618754
dinov2/linear,cut3r_trained/linear,precision,0.032217103860595286,0.012415616346394593,0.05206682734845475,0.0100606660917686,-0.011084667178541341,0.07568755203175818,0.022102043613353762,277,20000,17950259528933642467
dinov2/linear,cut3r_trained/linear,recall,-0.007451308097967457,-0.020455941262145543,0.005606303726506295,0.00662536844936189,-0.05033946987810694,0.035369368601967606,0.021855725936440574,277,20000,17950259528933642467
dinov2/mlp,cut3r_trained/mlp,precision,0.027844598774099394,0.003168369088092396,0.052397030003023454,0.012484998772697115,-0.011130402259318222,0.06756384024371437,0.020126881297012757,277,20000,2891970574178718572
dinov2/mlp,cut3r_trained/mlp,recall,-0.02335914428965724,-0.05052452861929259,-0.0019852766371984886,0.012499646335088922,-0.06332622577264704,0.013194157352060459,0.019475498886852485,277,20000,2891970574178718572
dinov2/linear,cut3r_random/linear,precision,0.4578154016096996,0.4101626582231959,0.503224558396572,0.02383432414567183,0.4027364957051044,0.5105201479981059,0.027514969778052865,277,20000,7401247803204581338
dinov2/linear,cut3r_random/linear,recall,0.6026085101465971,0.5535850929004821,0.6485156147601556,0.02435406227334251,0.5476988182208254,0.6526445428944194,0.02683530840954999,277,20000,7401247803204581338
dinov2/mlp,cut3r_random/mlp,precision,0.23975095460401097,0.19014648735597656,0.2905158758963722,0.025532110070603502,0.18199447515480577,0.29874551728962845,0.02988258844248886,277,20000,10703265463215412594
dinov2/mlp,cut3r_random/mlp,recall,0.5380192636247567,0.4861147378804083,0.5885914633917382,0.026149416939202325,0.4786401809635007,0.5945739780199234,0.029402899712067592,277,20000,10703265463215412594
